"empno","firstname","lastname","password"
"001","Alice","Anderson","huT6BmQwC"
"002","Bob","Brown","huT6BmQwC"
"003","Carol","Cooper","huT6BmQwC"
"004","David","Davies","huT6BmQwC"
"005","Erin","Evans","huT6BmQwC"
"006","Frank","Fox","huT6BmQwC"
"007","Goerge","Green","huT6BmQwC"
"008","Harry","Harris","huT6BmQwC"
"009","Isabella","Irvine","huT6BmQwC"
"010","Jack","Jones","huT6BmQwC"
"011","Kate","Knowles","huT6BmQwC"
"012","Lily","Lewis","huT6BmQwC"
"013","Max","Morgan","huT6BmQwC"
"014","Nathan","Newman","huT6BmQwC"
"015","Oliver","Owen","huT6BmQwC"
"016","Peter","Phillips","huT6BmQwC"
"017","Quentin","Quinn","huT6BmQwC"
"018","Roger","Russell","huT6BmQwC"
"019","Sophia","Simpson","huT6BmQwC"
"020","Thomas","Turner","huT6BmQwC"
"021","Uma","Underhill","huT6BmQwC"
"022","Violet","Vickers","huT6BmQwC"
"023","William","Walker","huT6BmQwC"
"024","Xenia","Xanadu","huT6BmQwC"
"025","Yasmine","Young","huT6BmQwC"
"026","Zed","Zimmerman","huT6BmQwC"